Grambank ID	Feature	Possible Values	Value	Source	Comment	Detailed comment	Example
GB020	Are there definite or specific articles?	1: present, 0: absent	0	"Krueger (1961:53); Savelev (p.c. 2016)"			
GB021	Do indefinite nominals commonly have indefinite articles?	1: present, 0: absent	0	"Krueger (1961:53); Savelev (p.c. 2016)"			
GB022	Are there prenominal articles?	1: present, 0: absent	0	"Krueger (1961:53); Savelev (p.c. 2016)"			
GB023	Are there postnominal articles?	1: present, 0: absent	0	"Krueger (1961:53); Savelev (p.c. 2016)"			
GB024	What is the order of numeral and noun in the NP?	"multistate 1: Num-N; 2: N-Num; 3: both."	1	"Levitskaja (1976:47); Savelev (p.c. 2016)"			viźɘ šurt [three house] ‘three houses’
GB025	What is the order of adnominal demonstrative and noun?	"multistate 1: Dem-N; 2: N-Dem; 3: both."	1	Savelev (p.c. 2016)			vəʷl śin [that person] ‘that man’
GB026	Can adnominal property words occur discontinuously?	1: present, 0: absent	0	Savelev (p.c. 2016)	only emphatically		
GB027	Are nominal conjunction and comitative expressed by different elements?	1: present, 0: absent	0	"Krueger (1961:109, 169); Savelev (p.c. 2016)"		instrumental	"kaɣal-ba puyan
[lazybones-INST rich.man]
‘The Lazybones and the Rich Man’
man-ba pɘrle kilǰɘ
[1SG-INST together.with come]
‘He came together with me.’"
GB028	Is there an inclusive/exclusive distinction?	1: present, 0: absent	0	Savelev (p.c. 2016)			
GB030	Is there a gender distinction in independent 3rd person pronouns?	1: present, 0: absent	0	Savelev (p.c. 2016)			
GB031	Is there a dual or unit augmented form (in addition to plural or augmented) for all person categories in the pronoun system?	1: present, 0: absent	0	Savelev (p.c. 2016)			
GB035	Are there three or more distance contrasts in demonstratives?	1: present, 0: absent	1	"Levitskaja (1976:32); Savelev (p.c. 2016)"		three-way contrast: ku ‘this’, leS@ ‘that’, sak@ ‘this here’ (emphasized), sav@ ‘that over there’ (2nd level, more distant, mentioned before), v@l ‘that, the afore mentioned’ (3rd level, most distant from the speaker)	"ku, śakə ‘this’
śavə ‘that’ (medial)
leš ‘that over there’, distal"
GB036	Do demonstratives show an elevation distinction?	1: present, 0: absent	0	Savelev (p.c. 2016)			
GB037	Do demonstratives show a visible-nonvisible distinction?	1: present, 0: absent	0	Savelev (p.c. 2016)			
GB038	Are there demonstrative classifiers?	1: present, 0: absent	0	Savelev (p.c. 2016)			
GB039	Is there nonphonological allomorphy of noun number markers?	1: present, 0: absent	0	"Andreev (1997:484); Krueger (1961:92, 112)"			
GB041	Are there several nouns (more than three) which are suppletive for number?	1: present, 0: absent	0	Savelev (p.c. 2016)			
GB042	Is there productive overt morphological singular marking on nouns?	1: present, 0: absent	0	"Krueger (1961:112); Savelev (p.c. 2016)"			
GB043	Is there productive morphological dual marking on nouns?	1: present, 0: absent	0	"Krueger (1961:112); Savelev (p.c. 2016)"			
GB044	Is there productive morphological plural marking on nouns?	1: present, 0: absent	1	"Krueger (1961:112); Savelev (p.c. 2016); Levitskaja (1976: 9), Tenishev (1988:18)"		suffix -sem	xur@n-sem [birch-PL], pyrt-sem [house-PL], hut-sem [paper-PL]
GB046	Is there an associative plural marker for nouns?	1: present, 0: absent	1	"Krueger (1961:94); Savelev (p.c. 2016)"			"ivanov-zem [Ivanov-PL] ‘members of the Ivanov’s family’
kaɣal-zem [lazy-PL] ‘the lazybones and his family’"
GB047	Is there a productive morphological pattern for deriving an action/state noun from a verb?	1: present, 0: absent	1	"Levitskaja (1976:152-165); Savelev (p.c. 2016)"			"sut- ‘to sell’ > sut@ ‘sale’
kaš- ‘to transport, to cross’ > kaš@ ‘transport, crossing’
p@t- ‘to go to an end’ > p@tm@š ‘finish, end’
v@s- ‘to fly’ > v@sev ‘flight’
jurat- ‘to love’ > juratu ‘love’
kil- ‘to come’ > kily ‘arrival’"
GB048	Is there a productive morphological pattern for deriving an agent noun from a verb?	1: present, 0: absent	0	"Levitskaja (1976:152-165); Savelev (p.c. 2016)"	According to Savelev (p.c. 2017), the suffix is not productive.		"p@x- ‘to watch’ > p@xa ‘warden’
j@pat- ‘to console’ > j@patm@S ‘consoler’
l@rka- ‘to grumble’ > l@rkam@S ‘grumbler’"
GB049	Is there a productive morphological pattern for deriving an object noun from a verb?	1: present, 0: absent	1	"Levitskaja (1976:152-165); Savelev (p.c. 2016)"			vit- ‘to cover with a roof’ > vite ‘cowshed’
GB051	Is there a noun class/gender system where sex is a factor in class assignment?	1: present, 0: absent	0	"Andreev (1997:484); Krueger (1961:92)"			
GB052	Is there a noun class/gender system where shape is a factor in class assignment?	1: present, 0: absent	0	"Andreev (1997:484); Krueger (1961:92)"			
GB053	Is there a noun class/gender system where animacy is a factor in class assignment?	1: present, 0: absent	0	"Andreev (1997:484); Krueger (1961:92)"			
GB054	Is there a noun class/gender system where plant status is a factor in class assignment?	1: present, 0: absent	0	"Andreev (1997:484); Krueger (1961:92)"			
GB057	Are there numeral classifiers?	1: present, 0: absent	0	Savelev (p.c. 2016)			
GB058	Are there possessive classifiers?	1: present, 0: absent	0	Savelev (p.c. 2016)			
GB059	Is the adnominal possessive construction different for alienable and inalienable nouns?	1: present, 0: absent	1	Savelev (p.c. 2017)		"alienable: possessive pronoun
inalienable: optional possessive pronoun + possessive suffix on the possessed"	"san sědel-e
[2SG.POSS table-ACC]
‘your table’
(san) all-u-na
[(2SG.POSS) hand-2SG.POSS-ACC]
‘your hand’"
GB065	What is the pragmatically unmarked order of adnominal possessor noun and possessed noun?	"multistate 1:Possessor-Possessed; 2:Possessed-Possessor; 3: both"	3	"Andreev (1997:483); Savelev (p.c. 2016); Levitskaja (1976: 14-15)"			"їvəl-u [son-2SG] ‘your son’, xɘr-y [daughter-2SG] ‘your daughter’, sɘdel-Em [table-1SG] ‘my table’, sɘdel-y [table-2SG] ‘your table’, ur-i [leg-3SG] ‘his leg’
san sědel-e [2SG.POSS table-ACC] ‘your table’"
GB068	Do core adjectives (defined semantically as property concepts such as value, shape, age, dimension) act like verbs in predicative position?	1: present, 0: absent	0	"Krueger (1961:124); Savelev (p.c. 2016)"			"šurə śəʷmarda [white egg] ‘a white egg’
śəʷmarda šurə [egg white] ‘the egg is white’
śăмарта šurăččĕ ‘the egg was white’"
GB069	"Do core adjectives (defined semantically as property concepts; value, shape, age, dimension) used attributively require the same morphological treatment as verbs?"	1: present, 0: absent	0	"Krueger (1961:124); Savelev (p.c. 2016)"			
GB070	Are there morphological cases for non-pronominal core arguments (i.e. S/A/P)?	1: present, 0: absent	1	Andreev (1997:486-487)			"ku kěneke-ne vulat
[DEM book-OBJ read]
‘He is reading the book.’ "
GB071	Are there morphological cases for pronominal core arguments (i.e. S/A/P)?	1: present, 0: absent	1	"Andreev (1961:614); Levitskaja (1976:29-31); Savelev (p.c. 2016)"		"1SG
NOM Ele
DAT/ACC man-a"	
GB072	Are there morphological cases for oblique non-pronominal NPs (i.e. not S/A/P)?	1: present, 0: absent	1	"Andreev (1997:486-487); Levitskaja (1976:18-28"		"locative -ta/-če
ablative -ran/-ren/-tan/-ten
instrumental-comitative -pa/-pe
abessiv -s@r
causal-final -s@n
orientative -a/-e/-na/-ne + -lla/-lle
imstrumental -in/-n"	"tul-ta [yard-LOC] ‘in the yard’
arman-sen-čen [windmill-PL-ABL] ‘from the windmills’
pulǎ šiv-ra išet
[fish water-LOC swim]
‘The fish swims in the water.’"
GB073	Are there morphological cases for oblique independent personal pronouns (i.e. not S/A/P)?	1: present, 0: absent	1	"Andreev (1961:614); Levitskaja (1976:29-31); Savelev (p.c. 2016)"		"1SG
LOC man-ra
ABL man-rav
INST man-pa
ABESS man-sar
CAUS/FIN man-San"	
GB074	Are there prepositions?	1: present, 0: absent	0	Savelev (p.c. 2016)			
GB075	Are there postpositions?	1: present, 0: absent	1	"Levitskaja (1976:116-121); Savelev (p.c. 2016); Krueger (1961:53)"			
GB079	Do verbs have prefixes/proclitics, other than those that ONLY mark A, S or O (do include portmanteau: A & S + TAM)?	1: present, 0: absent	0	Savelev (p.c. 2016)			
GB080	Do verbs have suffixes/enclitics, other than those that ONLY mark A, S or O (do include portmanteau: A & S + TAM)?	1: present, 0: absent	1	Savelev (p.c. 2016)			
GB081	Is there productive infixation in verbs?	1: present, 0: absent	0	Savelev (p.c. 2016)			
GB082	Is there overt morphological marking of present tense on verbs?	1: present, 0: absent	1	"Andreev (1997:485); Levitskaja (1976:50)"		PRS tense stem: verb PTCP -a/-e + -t	"yurla-d-əp
[sing-PRS-1SG]
‘I am singing.’"
GB083	Is there overt morphological marking on the verb dedicated to past tense?	1: present, 0: absent	1	"Andreev (1997:485-486); Levitskaja (1976:67-75)"			
GB084	Is there overt morphological marking on the verb dedicated to future tense?	1: present, 0: absent	0	"Krueger (1961:144); Andreev (1997:485)"			
GB086	Is a morphological distinction between perfective and imperfective aspect available on verbs?	1: present, 0: absent	0	Andreev (1997:485)			
GB089	Can the S argument be indexed by a suffix/enclitic on the verb in the simple main clause?	1: present, 0: absent	1	Andreev (1997:484)		"person markers for PRS: 1SG -p, 2SG -n, 3SG/PL -@, 1PL -pVr, 2PL -r
person markers for PST: 1SG -m, 2SG -n, 3SG/PL -@, 1PL -mVr, 2PL -r"	"kay-əb-ər [go-1-PL] ‘we will go’
kay-ər [go-2PL] ‘you will go’
1SG pїradə-p [go-1SG]
2SG pїradə-n [go-2SG]
3SG pїrat’ [go]
1PL pїrat-pər [go-1PL]
2PL pїradə-r [go-2PL]
3PL pїra-śś-ɘ [go-PL-3PL]"
GB090	Can the S argument be indexed by a prefix/proclitic on the verb in the simple main clause?	1: present, 0: absent	0	Savelev (p.c. 2016)			
GB091	Can the A argument be indexed by a suffix/enclitic on the verb in the simple main clause?	1: present, 0: absent	1	Andreev (1997:484)		"person markers for PRS: 1SG -p, 2SG -n, 3SG/PL -@, 1PL -pVr, 2PL -r
person markers for PST: 1SG -m, 2SG -n, 3SG/PL -@, 1PL -mVr, 2PL -r"	
GB092	Can the A argument be indexed by a prefix/proclitic on the verb in the simple main clause?	1: present, 0: absent	0	Savelev (p.c. 2016)			
GB093	Can the P argument be indexed by a suffix/enclitic on the verb in the simple main clause?	1: present, 0: absent	0	Krueger (1961:102-104)		"ku kěneke-ne vulat
[DEM book-OBJ read]
‘He is reading the book.’ "	
GB094	Can the P argument be indexed by a prefix/proclitic on the verb in the simple main clause?	1: present, 0: absent	0	Savelev (p.c. 2016)			
GB095	Are variations in marking strategies of core participants based on TAM distinctions?	1: present, 0: absent	0	Savelev (p.c. 2016)			
GB096	Are variations in marking strategies of core participants based on verb classes?	1: present, 0: absent	0	Savelev (p.c. 2016)			
GB098	Are variations in marking strategies of core participants based on person distinctions?	1: present, 0: absent	0	Savelev (p.c. 2016)			
GB099	Can verb stems alter according to the person of a core participant?	1: present, 0: absent	0	Savelev (p.c. 2016)			
GB103	Is there a benefactive applicative marker on the verb (including indexing)?	1: present, 0: absent	0	Savelev (p.c. 2016)			
GB104	Is there an instrumental applicative marker on the verb (including indexing)?	1: present, 0: absent	0	Savelev (p.c. 2016)			
GB105	Can the recipient in a ditransitive construction be marked like the monotransitive patient?	1: present, 0: absent	1	"Krueger (1961:102-104); Andreev (1997:486); Levitskaja (1976: 14-15); Savelev (p.c. 2016)"		ACC=DAT -a/-e/-je/-na/-ne	"ku kěneke-ne vulat
[DEM book-OBJ read]
‘He is reading the book.’ "
GB107	Can standard negation be marked by an affix, clitic or modification of the verb?	1: present, 0: absent	1	"Levitskaja (1976:53); Savelev (p.c. 2016)"		"suffix -mas/-mes for durative present,
-mǎ/-mě for other cases"	"tupay-mas-tǎr 
[find-NEG.DUR.PRS-2PL]
‘You cannot find.’"
GB108	Is there directional or locative morphological marking on verbs?	1: present, 0: absent	0	Savelev (p.c. 2016)			
GB109	Is there verb suppletion for participant number?	1: present, 0: absent	0	Savelev (p.c. 2016)			
GB110	Is there verb suppletion for tense or aspect?	1: present, 0: absent	0	Savelev (p.c. 2016)			
GB111	Are there conjugation classes?	1: present, 0: absent	1	Savelev (p.c. 2016)		10 verbs ending in -r and losing it in conjugation	
GB113	Are there verbal affixes or clitics that turn intransitive verbs into transitive ones?	1: present, 0: absent	1	Savelev (p.c. 2016)			
GB114	Is there a phonologically bound reflexive marker on the verb?	1: present, 0: absent	1	"Andreev (1961:615); Savelev (p.c. 2016)"			śəʷv-əʷn [wash-REFL] ‘wash oneself’
GB115	Is there a phonologically bound reciprocal marker on the verb?	1: present, 0: absent	1	"Krueger (1961:180); Andreev (1961:615); Savelev (p.c. 2016)"			kala-ś [talk-RECIP] ‘to talk to each other’
GB116	Do verbs classify the shape, size or consistency of absolutive arguments by means of incorporated nouns, verbal affixes or suppletive verb stems?	1: present, 0: absent	0	Savelev (p.c. 2016)			
GB117	Is there a copula for predicate nominals?	1: present, 0: absent	0	Savelev (p.c. 2017)			
GB118	Are there serial verb constructions?	1: present, 0: absent	0	Savelev (p.c. 2016)			
GB119	"Can mood be marked by an inflecting word (""auxiliary verb"")?"	1: present, 0: absent	1	Savelev (p.c. 2017)		optative 3SG	
GB120	"Can aspect be marked by an inflecting word (""auxiliary verb"")?"	1: present, 0: absent	1	Andreev (1997:485)			
GB121	"Can tense be marked by an inflecting word (""auxiliary verb"")?"	1: present, 0: absent	1	Andreev (1997:485)			
GB122	Is verb compounding a regular process?	1: present, 0: absent	0	Savelev (p.c. 2016)			
GB123	Are there verb-adjunct (aka light-verb) constructions?	1: present, 0: absent	1	Savelev (p.c. 2016)			
GB124	Is incorporation of nouns into verbs a productive intransitivizing process?	1: present, 0: absent	0	Savelev (p.c. 2016)			
GB126	Is there an existential verb?	1: present, 0: absent	0	Savelev (p.c. 2016)			
GB127	Are different posture verbs used obligatorily depending on an inanimate locatum's shape or position (e.g. 'to lie' vs. 'to stand')?	1: present, 0: absent	0	Savelev (p.c. 2016)			
GB129	Is there a notably small number, i.e. about 100 or less, of verb roots in the language?	1: present, 0: absent	0	Savelev (p.c. 2016)			
GB130	What is the pragmatically unmarked order of S and V in intransitive clauses?	"multistate 1: SV; 2: VS; 3: both"	1	Savelev (p.c. 2016)			"škula kayadəp
[school go.1SG]
‘I go to school.’
pulə šїv-ra išet
[fish water-LOC swim]
‘The fish swims in the water.’"
GB131	Is a pragmatically unmarked constituent order verb-initial for transitive clauses?	1: present, 0: absent	0	Savelev (p.c. 2016)			
GB132	Is a pragmatically unmarked constituent order verb-medial for transitive clauses?	1: present, 0: absent	0	Savelev (p.c. 2016)			
GB133	Is a pragmatically unmarked constituent order verb-final for transitive clauses?	1: present, 0: absent	1	"Krueger (1961:53); Savelev (p.c. 2016)"			
GB134	Is the order of constituents the same in main and subordinate clauses?	1: present, 0: absent	1	Savelev (p.c. 2016)			"čul šїvra pudat’ mɘnžɘn tesen vəʷl š1vran j1vər
[stone water.LOC sink.PRS.3SG what.CAUS/FIN say.PTCP 3SG water.ABL heavy]
‘The stone does not sink in the water, because it is heavier than water.’"
GB135	Do clausal objects usually occur in the same position as nominal objects?	1: present, 0: absent	1	Savelev (p.c. 2016)			"epe vəʷl  əśtine pɘlmestɘp
1SG 3SG where.NOM.DAT/ACC know.NEG.PRS.1SG
‘I do not know where he is.’"
GB136	Is the order of core argument (i.e. S/A/P) constituents fixed?	1: present, 0: absent	1	"Andreev (1961:628); Andreev (1997:488-489)"			"kěneke ilt@m [book buy.PST] ‘I bought a book.’
škula kajat@p [school go.1SG] ‘I go to school.’"
GB137	Can standard negation be marked clause-finally?	1: present, 0: absent	1	"Krueger (1961:142-143); Savelev (p.c. 2016)"			tupay-mas-tǎr [find-NEG.DUR.PRS-2PL] ‘You cannot find.’
GB138	Can standard negation be marked clause-initially?	1: present, 0: absent	0	"Krueger (1961:142-143); Savelev (p.c. 2016)"			
GB139	Is there a difference between imperative (prohibitive) and declarative negation constructions?	1: present, 0: absent	1	"Levitskaja (1976:53, 77); Savelev (p.c. 2016)"			"s1r-m-@p [write-NEG-1SG] ‘I will not write.’
an il [NEG take] ‘Don’t take (SG)!’
an il-@r [NEG take-3PL] ‘Don’t take (PL)!'"
GB140	Is verbal predication marked by the same negator as all of the following types of predication: locational, existential and nominal?	1: present, 0: absent	0	"Krueger (1961:142-143); Savelev (p.c. 2016)"			
GB146	Is there a morpho-syntactic distinction between predicates expressing controlled versus uncontrolled events or states?	1: present, 0: absent	0	Andreev (1997:488)			
GB147	Is there a morphological passive marked on the lexical verb?	1: present, 0: absent	0	Andreev (1997:485, 488)			
GB148	Is there a morphological antipassive marked on the lexical verb?	1: present, 0: absent	0	Andreev (1997:485, 488)			
GB149	Is there a morphologically marked inverse on verbs?	1: present, 0: absent	0	Savelev (p.c. 2016)			
GB150	Is there clause chaining?	1: present, 0: absent	1	Savelev (p.c. 2017)			
GB151	"Is there an overt verb marker dedicated to signalling coreference or noncoreference between the subject of one clause and an argument of an adjacent clause (""switch reference"")?"	1: present, 0: absent	0	Savelev (p.c. 2016)			
GB152	Is there a morphologically marked distinction between simultaneous and sequential clauses?	1: present, 0: absent	0	Savelev (p.c. 2016)			
GB155	Are causatives formed by affixes or clitics on verbs?	1: present, 0: absent	1	Savelev (p.c. 2016)			
GB156	Is there a causative construction involving an element that is unmistakably grammaticalized from a verb for 'to say'?	1: present, 0: absent	0	Savelev (p.c. 2016)			
GB158	Are verbs reduplicated?	1: present, 0: absent	0	Savelev (p.c. 2016)	to express iterativity, not clear whether the reduplicated verb constitutes a phonological word		
GB159	Are nouns reduplicated?	1: present, 0: absent	0	Savelev (p.c. 2016)			
GB160	Are elements apart from verbs or nouns reduplicated?	1: present, 0: absent	1	Savelev (p.c. 2016)	ideophones are reduplicated		
GB165	Is there productive morphological trial marking on nouns?	1: present, 0: absent	0	"Krueger (1961:112); Savelev (p.c. 2016)"			
GB166	Is there productive morphological paucal marking on nouns?	1: present, 0: absent	0	"Krueger (1961:112); Savelev (p.c. 2016)"			
GB167	Is there a logophoric pronoun?	1: present, 0: absent	0	"Levitskaja (1976:29-31); Savelev (p.c. 2016)"			
GB170	Can an adnominal property word agree with the noun in gender/noun class?	1: present, 0: absent	0	"Andreev (1997:484); Krueger (1961:92); Savelev (p.c. 2016)"			
GB171	Can an adnominal demonstrative agree with the noun in gender/noun class?	1: present, 0: absent	0	"Andreev (1997:484); Krueger (1961:92)"			
GB172	Can an article agree with the noun in gender/noun class?	1: present, 0: absent	0	"Krueger (1961:53); Andreev (1997:484)"			
GB177	Can the verb carry a marker of animacy of argument, unrelated to any gender/noun class of the argument visible in the NP domain?	1: present, 0: absent	0	Savelev (p.c. 2016)			
GB184	Can an adnominal property word agree with the noun in number?	1: present, 0: absent	0	Savelev (p.c. 2016)		adjectives agrees with the noun in predicative function only	
GB185	Can an adnominal demonstrative agree with the noun in number?	1: present, 0: absent	0	"Krueger (1961:133); Savelev (p.c. 2016)"			"vəʷl śin [that person] ‘that man’
vəʷl śin-sem [that person-PL] ‘those people’"
GB186	Can an article agree with the noun in number?	1: present, 0: absent	0	"Krueger (1961:53); Savelev (p.c. 2016)"			
GB187	Is there any productive diminutive marking on the noun (exclude marking by system of nominal classification only)?	1: present, 0: absent	0	"Levitskaja (1976:141-143); Savelev (p.c. 2016)"	It is not productive.		
GB188	Is there any productive augmentative marking on the noun (exclude marking by system of nominal classification only)?	1: present, 0: absent	0	Savelev (p.c. 2016)			
GB192	Is there a gender system where a noun's phonological properties are a factor in class assignment?	1: present, 0: absent	0	"Andreev (1997:484); Krueger (1961:92)"			
GB193	What is the order of adnominal property word and noun?	"multistate 1: ANM - N; 2: N - ANM; 3: both; 0: they cannot be used attributively"	1	"Andreev (1997:488); Krueger (1961:124)"			"p1zək čul śurt [big stone house] ‘big stone house’
śurǎ śǎmarta [white egg] ‘a white egg’"
GB196	Is there a male/female distinction in 2nd person independent pronouns?	1: present, 0: absent	0	"Levitskaja (1976:29-31); Savelev (p.c. 2016)"			
GB197	Is there a male/female distinction in 1st person independent pronouns?	1: present, 0: absent	0	"Levitskaja (1976:29-31); Savelev (p.c. 2016)"			
GB198	Can an adnominal numeral agree with the noun in gender/noun class?	1: present, 0: absent	0	"Andreev (1997:484); Krueger (1961:92); Savelev (p.c. 2016)"			
GB203	What is the order of the adnominal collective universal quantifier ('all') and the noun?	0: no UQ, 1: UQ-N, 2: N-UQ, 3: both	1	Savelev (p.c. 2016)			
GB204	Do collective ('all') and distributive ('every') universal quantifiers differ in their forms or their syntactic positions?	1: present, 0: absent	1	"Krueger (1961:140); Savelev (p.c. 2016)"			
GB250	Can predicative possession be expressed with a transitive 'habeo' verb?	1: present, 0: absent	0	"Krueger (1961:119); Savelev (p.c. 2016)"			
GB252	Can predicative possession be expressed with an S-like possessum and a locative-coded possessor?	1: present, 0: absent	0	"Krueger (1961:119); Savelev (p.c. 2016)"			
GB253	Can predicative possession be expressed with an S-like possessum and a dative-coded possessor?	1: present, 0: absent	0	"Krueger (1961:119); Savelev (p.c. 2016)"			
GB254	Can predicative possession be expressed with an S-like possessum and a possessor that is coded like an adnominal possessor?	1: present, 0: absent	1	"Krueger (1961:119); Savelev (p.c. 2016)"		"pur ‘to exist’
Suk ‘not to exist’"	"manǎn kěneke pur [my book exist] ‘I have a book.’
sanan vǎχǎt śuk [his time not.exist] ‘He doesn’t have time.’"
GB256	Can predicative possession be expressed with an S-like possessor and a possessum that is coded like a comitative argument?	1: present, 0: absent	0	"Krueger (1961:119); Savelev (p.c. 2016)"			
GB257	Can polar interrogation be marked by intonation only?	1: present, 0: absent	0	"Krueger (1961:171); Andreev (1997:489)"			
GB260	Can polar interrogation be indicated by a special word order?	1: present, 0: absent	0	"Krueger (1961:171); Andreev (1997:489)"			
GB262	Is there a clause-initial polar interrogative particle?	1: present, 0: absent	0	"Krueger (1961:146, 171); Andreev (1997:489)"			
GB263	Is there a clause-final polar interrogative particle?	1: present, 0: absent	1	"Krueger (1961:146, 171); Andreev (1997:489)"		"-i
it attaches to the last element in the clause"	"esir kurtəʷr-i
[2SG see-Q]
‘Did you see it?’"
GB264	Is there a polar interrogative particle that most commonly occurs neither clause-initially nor clause-finally?	1: present, 0: absent	0	"Krueger (1961:171); Andreev (1997:489)"			
GB265	Is there a comparative construction that includes a form that elsewhere means 'surpass, exceed'?	1: present, 0: absent	0	Savelev (p.c. 2016)			
GB266	Is there a comparative construction that employs a marker of the standard which elsewhere has a locational meaning?	1: present, 0: absent	1	"Krueger (1961:107-108); Savelev (p.c. 2016)"			
GB270	Can comparatives be expressed using two conjoined clauses?	1: present, 0: absent	0	Savelev (p.c. 2016)			
GB273	Is there a comparative construction with a standard marker that elsewhere has neither a locational meaning nor a 'surpass/exceed' meaning?	1: present, 0: absent	0	Savelev (p.c. 2016)			
GB275	Is there a bound comparative degree marker on the property word in a comparative construction?	1: present, 0: absent	1	Krueger (1961:125-126)			
GB276	Is there a non-bound comparative degree marker modifying the property word in a comparative construction?	1: present, 0: absent	0	Savelev (p.c. 2016)			
GB285	Can polar interrogation be marked by a question particle and verbal morphology?	1: present, 0: absent	0	"Krueger (1961:171); Andreev (1997:489)"			
GB286	Can polar interrogation be indicated by overt verbal morphology only?	1: present, 0: absent	0	"Krueger (1961:171); Andreev (1997:489)"			
GB291	Can polar interrogation be marked by tone?	1: present, 0: absent	0	"Krueger (1961:171); Andreev (1997:489)"			
GB296	Is there a phonologically or morphosyntactically definable class of ideophones that includes ideophones depicting imagery beyond sound?	1: present, 0: absent	0	Savelev (p.c. 2016)			
GB297	Can polar interrogation be indicated by a V-not-V construction?	1: present, 0: absent	0	"Krueger (1961:171); Andreev (1997:489)"			
GB298	"Can standard negation be marked by an inflecting word (""auxiliary verb"")?"	1: present, 0: absent	0	"Krueger (1961:142-143); Savelev (p.c. 2016)"			
GB299	"Can standard negation be marked by a non-inflecting word (""auxiliary particle"")?"	1: present, 0: absent	0	"Krueger (1961:142-143); Savelev (p.c. 2016)"			
GB300	Does the verb for 'give' have suppletive verb forms?	1: present, 0: absent	0	Savelev (p.c. 2016)			
GB301	Is there an inclusory construction?	1: present, 0: absent	?	"Krueger (1961:109, 169); Savelev (p.c. 2016)"			
GB302	Is there a phonologically free passive marker ('particle' or 'auxiliary')?	1: present, 0: absent	0	Andreev (1997:485, 488)			
GB303	Is there a phonologically free antipassive marker ('particle' or 'auxiliary')?	1: present, 0: absent	0	Andreev (1997:485, 488)			
GB304	Can the agent be expressed overtly in a passive clause?	1: present, 0: absent	0	Andreev (1997:485, 488)		no passive	
GB305	Is there a phonologically independent reflexive pronoun?	1: present, 0: absent	1	"Andreev (1961:614); Levitskaja (1976:31-32); Savelev (p.c. 2016)"			
GB306	Is there a phonologically independent non-bipartite reciprocal pronoun?	1: present, 0: absent	0	Savelev (p.c. 2016)			
GB309	Are there multiple past or multiple future tenses, distinguishing distance from Time of Reference?	1: present, 0: absent	1	"Andreev (1997:485-486); Levitskaja (1976:67-75)"			
GB312	Is there overt morphological marking on the verb dedicated to mood?	1: present, 0: absent	1	"Levitskaja (1976:54); Savelev (p.c. 2016)"			
GB313	Are there special adnominal possessive pronouns that are not formed by an otherwise regular process?	1: present, 0: absent	0	Savelev (p.c. 2016)		OBL(+GEN)	
GB314	Can augmentative meaning be expressed productively by a shift of gender/noun class?	1: present, 0: absent	0	"Andreev (1997:484); Krueger (1961:92)"			
GB315	Can diminutive meaning be expressed productively by a shift of gender/noun class?	1: present, 0: absent	0	"Andreev (1997:484); Krueger (1961:92)"			
GB316	Is singular number regularly marked in the noun phrase by a dedicated phonologically free element?	1: present, 0: absent	0	"Krueger (1961:112); Savelev (p.c. 2016)"			
GB317	Is dual number regularly marked in the noun phrase by a dedicated phonologically free element?	1: present, 0: absent	0	"Krueger (1961:112); Savelev (p.c. 2016)"			
GB318	Is plural number regularly marked in the noun phrase by a dedicated phonologically free element?	1: present, 0: absent	0	"Krueger (1961:112); Savelev (p.c. 2016)"			
GB319	Is trial number regularly marked in the noun phrase by a dedicated phonologically free element?	1: present, 0: absent	0	"Krueger (1961:112); Savelev (p.c. 2016)"			
GB320	Is paucal number regularly marked in the noun phrase by a dedicated phonologically free element?	1: present, 0: absent	0	"Krueger (1961:112); Savelev (p.c. 2016)"			
GB321	Is there a large class of nouns whose gender/noun class is not phonologically or semantically predictable?	1: present, 0: absent	0	"Andreev (1997:484); Krueger (1961:92)"			
GB322	Is there grammatical marking of direct evidence (perceived with the senses)?	1: present, 0: absent	1	Savelev (p.c. 2016)			"vəʷl kay-nə
[3SG go-EVID]
‘He went (apparently).’
vəʷl kay-rɘ
[3SG go-PST.3SG]
‘He went.’"
GB323	Is there grammatical marking of indirect evidence (hearsay, inference, etc.)?	1: present, 0: absent	?	Savelev (p.c. 2016)	not clear		
GB324	Is there an interrogative verb for content interrogatives (who?, what?, etc.)?	1: present, 0: absent	0	"Levitskaja (1976:35); Savelev (p.c. 2016)"			
GB325	Is there a count/mass distinction in interrogative quantifiers?	1: present, 0: absent	0	"Levitskaja (1976:35); Savelev (p.c. 2016)"			
GB326	Do (nominal) content interrogatives normally or frequently occur in situ?	1: present, 0: absent	1	Savelev (p.c. 2016)			
GB327	Can the relative clause follow the noun?	1: present, 0: absent	0	"Krueger (1961:151); Andreev (1997:486)"			
GB328	Can the relative clause precede the noun?	1: present, 0: absent	1	"Krueger (1961:137, 151); Andreev (1997:486)"			
GB329	Are there internally-headed relative clauses?	1: present, 0: absent	0	"Krueger (1961:151); Andreev (1997:486)"			
GB330	Are there correlative relative clauses?	1: present, 0: absent	0	"Krueger (1961:151); Andreev (1997:486)"			
GB331	Are there adjoined relative clauses?	1: present, 0: absent	0	"Krueger (1961:151); Andreev (1997:486)"			
GB333	Is there a decimal numeral system?	1: present, 0: absent	1	Savelev (p.c. 2016)			
GB334	Is there synchronic evidence for any element of a quinary numeral system?	1: present, 0: absent	0	Savelev (p.c. 2016)			
GB335	Is there synchronic evidence for any element of a vigesimal numeral system?	1: present, 0: absent	0	Savelev (p.c. 2016)			
GB336	Is there a body-part tallying system?	1: present, 0: absent	0	Savelev (p.c. 2016)			
GB400	Are all person categories neutralized in some voice, tense, aspect, mood and/or negation?	1: present, 0: absent	1	Savelev (p.c. 2016)	in non-evidential past tense		
GB401	Is there a class of patient-labile verbs?	1: present, 0: absent	0	Savelev (p.c. 2016)			"čüреčе сĕмĕр-ĕл-нĕ
window break-PASS-PST
‘The window broke.’
хуан čüреčе-не śĕmĕр-nĕ
Juan window-DAT/ACC break-PRET
‘Juan broke the window.’"
GB402	Does the verb for 'see' have suppletive verb forms?	1: present, 0: absent	0	Savelev (p.c. 2016)			
GB403	Does the verb for 'come' have suppletive verb forms?	1: present, 0: absent	0	Savelev (p.c. 2016)			
GB408	Is there any accusative alignment of flagging?	1: present, 0: absent	1	Krueger (1961:102-104)			
GB409	Is there any ergative alignment of flagging?	1: present, 0: absent	0	Savelev (p.c. 2016)			
GB410	Is there any neutral alignment of flagging?	1: present, 0: absent	1	Krueger (1961:102-104)			
GB415	Is there a politeness distinction in 2nd person forms?	1: present, 0: absent	1	"Levitskaja (1976:29-31); Savelev (p.c. 2016)"		under influence of Russian (19th century)	
GB421	Is there a preposed complementizer in complements of verbs of thinking and/or knowing?	1: present, 0: absent	0	Savelev (p.c. 2016)			"epe vəʷl  əśtine pɘlmestɘp
1SG 3SG where.NOM.DAT/ACC know.NEG.PRS.1SG
‘I do not know where he is.’"
GB422	Is there a postposed complementizer in complements of verbs of thinking and/or knowing?	1: present, 0: absent	0	Savelev (p.c. 2016)			"epe vəʷl  əśtine pɘlmestɘp
1SG 3SG where.NOM.DAT/ACC know.NEG.PRS.1SG
‘I do not know where he is.’"
GB430	Can adnominal possession be marked by a prefix on the possessor?	1: present, 0: absent	0	"Andreev (1997:483); Savelev (p.c. 2016); Levitskaja (1976: 14-15)"			
GB431	Can adnominal possession be marked by a prefix on the possessed noun?	1: present, 0: absent	0	"Andreev (1997:483); Savelev (p.c. 2016); Levitskaja (1976: 14-15)"			
GB432	Can adnominal possession be marked by a suffix on the possessor?	1: present, 0: absent	1	"Krueger (1961:99); Andreev (1997:483); Savelev (p.c. 2016); Levitskaja (1976: 17-18)"	There is a genitive case marker that signals referentiality.		
GB433	Can adnominal possession be marked by a suffix on the possessed noun?	1: present, 0: absent	1	"Krueger (1961:53); Andreev (1997:483); Savelev (p.c. 2016); Levitskaja (1976: 14-15)"	Possessor is marked on the possessed.		
GB519	"Can mood be marked by a non-inflecting word (""auxiliary particle"")?"	1: present, 0: absent	0	Savelev (p.c. 2016)			
GB520	"Can aspect be marked by a non-inflecting word (""auxiliary particle"")?"	1: present, 0: absent	0	Andreev (1997:485)			
GB521	"Can tense be marked by a non-inflecting word (""auxiliary particle"")?"	1: present, 0: absent	0	Savelev (p.c. 2016)			
GB522	"Can the S or A argument be omitted from a pragmatically unmarked clause when the referent is inferrable from context (""pro-drop"" or ""null anaphora"")?"	1: present, 0: absent	1	Krueger (1961:102-104)			"kěneke vulat
[book read]
‘He reads books/a book.’"
TE001	Is root structure predominantly polysyllabic?	1: present, 0: absent	0	Savelev (p.c. 2016)			
TE002	Are complex tonal distinctions lacking?	1: present, 0: absent	1	"Andreev (1997:483); Krueger (1961:84)"			
TE003	Is there palatal vowel harmony?	1: present, 0: absent	1	"Andreev (1961:601); Krueger (1961:96)"			"genitive suffix -ǎn/-ěn:
sakǎ lašanǎn ‘of this horse’
sakǎ ěneněn ‘of this cow’"
TE004	Is there tongue root vowel harmony?	1: present, 0: absent	0	Andreev (1997:483)			
TE005	Is there an initial velar nasal?	1: present, 0: absent	0	Savelev (p.c. 2016)		there is no velar nasal	
TE006	Is there an initial r-?	1: present, 0: absent	0	"Krueger (1961:53); Savelev (p.c. 2016)"		only in borrowings	
TE007	Are there initial consonant clusters in native words?	1: present, 0: absent	0	c		borrowings or personal names	
TE008	Is there a voicing distinction in stops?	1: present, 0: absent	0	Savelev (p.c. 2016)		distinction: semi-voiced vs. voiceless geminates	
TE009	Are borrowed verbs accommodated through a light-verb or a verbalizer?	1: present, 0: absent	1	Savelev (p.c. 2016)			
TE012	Are property words verbally or nominally encoded?	1: present, 0: absent	0	Krueger (1961:53-191)			
TE014	Is there partial emphatic reduplication of nominal property words?	1: present, 0: absent	1	Savelev (p.c. 2016)			
TE015	Are morphemes connected linearly in a way that there is a one on one relationship between a morpheme and its meaning?	1: present, 0: absent	1	Andreev (1997:484, 488)			
TE016	Is inflectional morphology predominantly suffixing?	1: present, 0: absent	1	"Krueger (1961:53); Andreev (1997:484, 488)"			
TE018	Is there a mi-ti opposition in 1 vs. 2 SG personal pronouns?	1: present, 0: absent	1	"Levitskaja (1976:29-31); Savelev (p.c. 2016)"		bi-si	"1SG
NOM Ele
DAT/ACC man-a"
TE019	Is the secondary oblique stem of personal pronouns formed with a dental nasal?	1: present, 0: absent	1	"Levitskaja (1976:29-31); Savelev (p.c. 2016)"			
TE022	Are gerunds or adverbial participles used to mark adverbial subordination?	1: present, 0: absent	1	"Krueger (1961:53б 163); Levitskaja (1976:101-112); Savelev (p.c. 2016)"			"vula-sa larat
[read-CONV sit]
‘He sits reading.’"
TE025	Are specific non-finite and finite suffixes expressed by a formally identical suffix?	1: present, 0: absent	?	Savelev (p.c. 2016)	not clear		
TE026	Are specific negative verbs and negative suffixes/particles expressed by a formally identical suffix?	1: present, 0: absent	?	"Savelev (p.c. 2016); Levitskaja (1976: 59)"		"an - preposed to the verb, vowel harmony does not apply to it
the verb i- < e- < er- ‘to be’ has not been preserved in Chuvash, only in the suffix -čtS@ < 3SG/PL.PST *eti > *it@ > č@ and in the NEG *emär > imär > mer~mar; mar/mer ~ turc. emes < *ermäz"	
TE027	Can 1PL marker be augmented by a collective plural marker?	1: present, 0: absent	?	Krueger (1961:132-133)			
TE028	Do core adjectives (defined semantically as property concepts such as value, shape, age, dimension) act like nouns in predicative position?	1: present, 0: absent	1	Andreev (1997:484)			"tErEs s@max ‘a truthful word’, tErEs kala- ‘to tell the truth’, tErEse jurat- ‘to like the truth’
śǎmarta Surri [egg white] ‘the egg is white’"
TE029	"Do core adjectives (defined semantically as property concepts; value, shape, age, dimension) used attributively require the same morphological treatment as nouns?"	1: present, 0: absent	1	Andreev (1997:484)			śurǎ śǎmarta [white egg] ‘a white egg’
TE031	Is there a non-initial velar nasal?	1: present, 0: absent	0	Krueger (1961:66-67)			
TE033	Is there a reciprocal marker that is distinct from the reflexive marker?	1: present, 0: absent	1	"Krueger (1961:181); Andreev (1961:614); Levitskaja (1976:31-32); Savelev (p.c. 2016)"		verbal marking is identical, but there are free-standing reflexive markers	
TE034	Are there deranked purpose clauses?	1: present, 0: absent	1	Krueger (1961:151, 156-157)			"vǎl šiv ǎs-ma annǎ
[he water draw-INF went.down]
‘He went down to draw water.’"
TE036	Can the notional subject of a want complement clause be left implicit when it is coreferential with the wanter?	1: present, 0: absent	?			Not mentioned.	
TE037	Is there a voicing distinction in fricatives?	1: present, 0: absent	0	Krueger (1961:66-69)			
TE038	Are there two separate liquid phonemes (r/l)?	1: present, 0: absent	1	Krueger (1961:66-67)			
TE039	Is there vowel length distinction?	1: present, 0: absent	0	"Krueger (1961:73); Andreev (1997:483)"			
TE040	Are causative posture verbs derived and static-dynamic verbs basic?	1: present, 0: absent	1	Krueger (1961:223)			"lar- ‘sit, sit oneself’
lart- ‘to set, place’"
TE041	Is there a male/female distinction in the sibling terms from the perspective of the speaker?	1: present, 0: absent	?				
TE042	Is there an age distinction in sibling terms?	1: present, 0: absent	?	Krueger (1961:76)			pičče ‘elder brother’
TE043	Are nouns most commonly derived from verbs than the other way around?	1: present, 0: absent	?				
TE044	Are ‘hand’ and ‘arm’ expressed by the same term?	1: present, 0: absent	1	Krueger (1961:215)			"alǎ ‘hand’
ura ‘foot’
ura ‘leg’"
TE045	Are ‘moon’ and ‘month’ expressed by the same term?	1: present, 0: absent	1	Krueger (1961:62, 237)			"ujǎχ ‘moon’
ujǎχ ‘month’"
TE046	Is there a plural/collective suffix that is restricted to animates?	1: present, 0: absent	0	Krueger (1961:94)			
TE047	Can scalar additive operators (‘even’) also be used in non-scalar contexts (also)?	1: present, 0: absent	?				
TE048	Is there a reflexive-possessive affix?	1: present, 0: absent	?				
TE049	Are demonstratives verbally encoded?	1: present, 0: absent	0	Krueger (1961:135-136)			
TE050	Do cardinal numerals require agreement on noun phrases?	1: present, 0: absent	0	Krueger (1961:94)			širěm sětel [twenty table] ‘twenty tables’
TE051	Is nominative case unmarked?	1: present, 0: absent	1	Krueger (1961:97-98)			"pulǎ šiv-ra išet
[fish water-LOC swim]
‘The fish swims in the water.’"
TE052	Are accusative-marked objects specific while unmarked objects are non-specific?	1: present, 0: absent	1	Krueger (1961:102-104)		"definite: -e/-ye/-a/-na/-ne
indefinite: unmarked"	"kěneke vulat
[book read]
‘He reads books/a book.’
ku kěneke-ne vulat
[DEM book-OBJ read]
‘He is reading the book.’ "
TE053	Are recipient and location expressed by the same marker?	1: present, 0: absent	1	Krueger (1961:102-104)		"object relational suffix: -e/-ye/-a/-na/-ne
can mark beneficiary, patient, direction
apart from this suffix, there are other locational suffixes"	"uy-e [field-OBJ] ‘to the field’
šǎši-ye [mouse-OBJ] ‘to a mouse’
epir irpe šupaškara šitrěměr ‘We came to Cheboksary in the morning.'"
TE054	Is there a distinction between marking of interrogation in polar and content questions?	1: present, 0: absent	1	"Krueger (1961:171); Andreev (1966:26)"			"payan měn kun
[today what day]
‘What day is today?’
esir miSe śulta
[2SG how.many year]
‘How old are you?’
esir śirěm śičtSěre-i
[2SG 20 7-Q]
‘Are you 27?’"
TE055	Is acting agent in passive clause expressed by a dative-marked noun phrase?	1: present, 0: absent	0	Andreev (1997:485, 488)			
TE056	Is the subject of an adnominalized clause marked by the genitive case?	1: present, 0: absent	?	"Krueger (1961:151-152); Andreev (1997:486)"			"esir yula-kan yurǎ
[you sing-PRS.PTCP song]
‘the song which you are singing’"
TE057	Can a passive construction have adversative meaning?	1: present, 0: absent	0	Andreev (1997:485, 488)		no passive	
TE058	Can demonstrative/interrogative verbs be derived from pronouns and light verbs ‘to do’?	1: present, 0: absent	0				
TE059	Are causative and passive expressed by a formally identical marker?	1: present, 0: absent	0	Andreev (1997:485, 488)			
TE060	Are converb suffixes and deverbal noun suffixes formally identical?	1: present, 0: absent	1	Krueger (1961:162-166)		"deverbal nouns: suffix -a/-e, -m@S, -a/-e, -@, -m@S, -u/-y, -v
coverbs: -a/-e ‘action completely subordinated to the main action […] translated into English by a form in -ing’
-sa/-se ‘coordinate converb’
-san/-sen ‘past gerund’
-iččen ‘antecedent converb’"	"deverbal nouns:
vit- ‘to cover with a roof’ > vite ‘cowshed’
sut- ‘to sell’ > sut@ ‘sale’
kaš- ‘to transport, to cross’ > kaš@ ‘transport, crossing’
p@t- ‘to go to an end’ > p@tm@š ‘finish, end’
v@s- ‘to fly’ > v@sev ‘flight’
jurat- ‘to love’ > juratu ‘love’
kil- ‘to come’ > kily ‘arrival’
starik vara pit χuyχǎr-a puślanǎ 
[old.man since ?? cry-CONV begin.PST]
‘the old man began crying greatly.’"
TE061	Are quotative markers adverbial derivations from a verb ‘to say’?	1: present, 0: absent	?	Krueger (1961:53-191)			
TE062	Can relational adpositions (e.g. ‘under’) be derived from a place noun (e.g. ‘bottom’) and a locational suffix (e.g. at LOC)?	1: present, 0: absent	1	Krueger (1961:168)		"ayak ‘side’
Ci ‘surface’
um ‘front’ 
varǎ ‘midst
tǎrǎ ‘upon’
χěr ‘edge’
Cum ‘along’
pat ‘direction, towards’
ǎSě ‘interior, inside’"	"kěneke ay-ne tetrad’ χur
[book underside-OBJ notebook put]
‘Put the notebook under the book.’
kěneke śi-ne tetrad’ χur
[book surface-OBJ notebook put]
‘Put the notebook on the book.’"
TE063	Are hortatives/purposives encoded by the same marker (eventually involving a converb of the verb ‘to say’)?	1: present, 0: absent	1	Krueger (1961:53-191)	see Martine’s explanation sheet for examples		
TE064	Are denominal verbalizers and deverbal suffixes sharing comparable actional semantics expressed by the same marker?	1: present, 0: absent	?	Krueger (1961:53-191)			
TE065	Is ‘it is becoming if’ grammaticalized in deontic modality?	1: present, 0: absent	?	Krueger (1961:53-191)			
TE066	Is imperative form for 2SG identical to bare verb root?	1: present, 0: absent	1	Krueger (1961:158-159)			"esě vula [2SG read] ‘Read!’
vǎl vulatǎr [3SG read] ‘Let him read!’"
TE067	Is person marking on the verb formally identical to independent personal pronouns?	1: present, 0: absent	0	"Krueger (1961:133); Andreev (1997:484)"			"kaj-@p-@r [go-1-PL] ‘we will go’
kaj-@r [go-2PL] ‘you will go’
1SG p1rat@-p [go-1SG] vs. epě
2SG p1rat@-n [go-2SG] vs. esě
3SG p1rat_j [go] vs. vǎl
1PL p1rat-p@r [go-1PL] vs. epir
2PL p1rat@-r [go-2PL] vs. esir
3PL p1ra-SS-@ [go-PL-3PL] vs. věsem"
TE068	Is there a comparative construction that employs a marker of the standard which elsewhere has a meaning ‘to see’?	1: present, 0: absent	0	"Krueger (1961:107-108); Savelev (p.c. 2016)"			
TE069	Can a copula be derived from original posture verbs?	1: present, 0: absent	?	Krueger (1961:53-191)			
TE070	Can the notional subject of a want complement clause be expressed overtly when it is coreferential with the wanter?	1: present, 0: absent	?	Krueger (1961:53-191)			
TE071	Are ‘foot’ and ‘leg’ expressed by the same term?	1: present, 0: absent	?	Krueger (1961:53-191)			
TE072	Are there balanced purpose clauses?	1: present, 0: absent	?	Krueger (1961:53-191)			
TE073	Is there an adposition or a particle formally similar to the verb?	1: present, 0: absent	?	Krueger (1961:53-191)			
TE074	Is completive aspect expressed by a marker formally identical to the verb ’to put/throw away’?	1: present, 0: absent	?	Krueger (1961:53-191)			
TE076	Are there adpositions to mark core NPs?	1: present, 0: absent	?	Krueger (1961:53-191)			
TE077	Are there adpositions to mark oblique NPs?	1: present, 0: absent	?	Krueger (1961:53-191)			
TE078	Are there three laryngeal contrasts for stops?	1: present, 0: absent	0	Savelev (p.c. 2016)			
TS001	Can numeral precede the noun?	1: present, 0: absent	1	"Levitskaja (1976:47); Savelev (p.c. 2016)"			viźɘ šurt [three house] ‘three houses’
TS002	Can numeral follow the noun?	1: present, 0: absent	0	"Levitskaja (1976:47); Savelev (p.c. 2016)"			
TS003	Can demonstrative precede the noun?	1: present, 0: absent	1	Savelev (p.c. 2016)			vəʷl śin [that person] ‘that man’
TS004	Can demonstrative follow the noun?	1: present, 0: absent	0	Savelev (p.c. 2016)			
TS005	Can adnominal possessor precede the possessed noun?	1: present, 0: absent	1	"Andreev (1997:483); Savelev (p.c. 2016); Levitskaja (1976: 14-15)"			
TS006	Can adnominal possessor follow the possessed noun?	1: present, 0: absent	1	"Andreev (1997:483); Savelev (p.c. 2016); Levitskaja (1976: 14-15)"			їvəl-u [son-2SG] ‘your son’, xɘr-y [daughter-2SG] ‘your daughter’, sɘdel-Em [table-1SG] ‘my table’, sɘdel-y [table-2SG] ‘your table’, ur-i [leg-3SG] ‘his leg’
TS007	Can adnominal property word precede the noun?	1: present, 0: absent	1	"Andreev (1997:488); Krueger (1961:124)"			"p1zək čul śurt [big stone house] ‘big stone house’
śurǎ śǎmarta [white egg] ‘a white egg’"
TS008	Can adnominal property word follow the noun?	1: present, 0: absent	0	"Andreev (1997:488); Krueger (1961:124)"			
TS009	Can adnominal collective universal quantifier (‘all’) precede the noun?	1: present, 0: absent	1	Savelev (p.c. 2016)			
TS010	Can adnominal collective universal quantifier (‘all’) follow the noun?	1: present, 0: absent	0	Savelev (p.c. 2016)			
TS079	Is there height vowel harmony?	1: present, 0: absent	0	Savelev (p.c. 2018)			
TS080	Is there labial vowel harmony?	1: present, 0: absent	1	Savelev (p.c. 2018)			
TS081	Is there an initial l-?	1: present, 0: absent	?	Krueger (1961:53-191)			
TS082	Do numerals have the same form in attributive and predicative use?	1: present, 0: absent	?	Krueger (1961:53-191)			
TS083	Is the meaning ‘to hunt’ expressed as noun+denominalizer?	1: present, 0: absent	?	Krueger (1961:53-191)			
TS083	Are instrumental and comitative expressed by the same marker?	1: present, 0: absent	?	Krueger (1961:53-191)			
TS084	Are the meanings ‘to see’ and ‘to try’ expressed by formally identical verbs?	1: present, 0: absent	?	Krueger (1961:53-191)			
TS085	What is the order of personal possessive suffixes and case suffixes?	"0: one category missing; 1: POSS-case; 2: case-POSS; 3: both"	1	Savelev (p.c. 2018)			
TS086	Is the pragmatically unmarked order of SV in intransitive clauses?	1: present, 0: absent	1	Savelev (p.c. 2016)			
TS087	Is the pragmatically unmarked order of VS in intransitive clauses?	1: present, 0: absent	0	Savelev (p.c. 2016)			
TS088	Is there an aspiration distinction in stops?	1: present, 0: absent	0	Savelev (p.c. 2016)			